Accession,Organism,Type,Location,Sequence,Note
Q02410,Homo sapiens (Human).,REGION,[625:641],LSQKEYSDLLNTQDMY,Autoinhibitory helix linker
B2RUJ5,Mus musculus (Mouse).,REGION,[630:648],LSQKEYSDLLNTQDMYND,Autoinhibitory helix linker
O35430,Rattus norvegicus (Rat).,REGION,[627:643],LSQKEYSDLLNTQDMY,Autoinhibitory helix linker
O80673,Arabidopsis thaliana (Mouse-ear cress).,REGION,[389:420],ELKIPSDMIIYKLVKVYIMSTSLRKSALAAL,Autoinhibitory domain
Q9LJL9,Arabidopsis thaliana (Mouse-ear cress).,REGION,[410:441],KIDIPFDILIFKQIKAYLRSSSLRKAALMAL,Autoinhibitory domain
Q9ZUZ2,Arabidopsis thaliana (Mouse-ear cress).,REGION,[408:439],SRVIPLDILIYKLVKAYLHATPLRRAALKAL,Autoinhibitory domain
Q9FIM9,Arabidopsis thaliana (Mouse-ear cress).,REGION,[408:439],NPGLLLDFSVYKLVKSYIRASPFRRSALKAL,Autoinhibitory domain
Q9SCS2,Arabidopsis thaliana (Mouse-ear cress).,REGION,[414:445],DAKVPMDILVFKLMRAYLRSSSLRKAALRAL,Autoinhibitory domain
Q9SG12,Arabidopsis thaliana (Mouse-ear cress).,REGION,[407:438],NPGLLLDFSIYKLVKSYIRASPFRRAALKSL,Autoinhibitory domain
Q9LET1,Arabidopsis thaliana (Mouse-ear cress).,REGION,[390:421],ELKIPSDMIIYKLVKVYIMSSSLRKSALAAL,Autoinhibitory domain
Q9FX86,Arabidopsis thaliana (Mouse-ear cress).,REGION,[417:448],DMNIPFDILIFRQMKAYLRSSSLRKAALRAL,Autoinhibitory domain
W0LYS5,Macrobrachium nipponense (Oriental river shrimp) (Palaemon nipponensis).,REGION,[286:327],ISGNAASTENIHSSVSEQLKKNFAKSRWRQAYHATAVIRQM,Autoinhibitory domain
Q39253,Arabidopsis thaliana (Mouse-ear cress).,REGION,[24:33],SRELRLGRT,Required for autoinhibitory regulation
Q39253,Arabidopsis thaliana (Mouse-ear cress).,REGION,[55:62],YKGLKDF,Required for interaction with autoinhibitory region
Q06850,Arabidopsis thaliana (Mouse-ear cress).,REGION,[413:444],APDKPLDSAVLSRMKQFSAMNKFKKMALRVI,Autoinhibitory domain
A2ZVI7,Oryza sativa subsp. japonica (Rice).,REGION,[329:360],APDKPLDITVISRMKQFRAMNKLKKVALKVV,Autoinhibitory domain
A0A509AHB6,Plasmodium berghei (strain Anka).,MOTIF,[344:352],NMRKFEGS,J domain autoinhibitory motif
P62344,Plasmodium falciparum (isolate 3D7).,MOTIF,[345:353],NMRKFEGS,J domain autoinhibitory motif
P62343,Plasmodium falciparum (isolate K1 / Thailand).,MOTIF,[345:353],NMRKFEGS,J domain autoinhibitory motif
A0A2I0BVG8,Plasmodium falciparum (isolate NF54).,MOTIF,[345:353],NMRKFEGS,J domain autoinhibitory motif
Q7RAH3,Plasmodium yoelii yoelii.,MOTIF,[344:352],NMRKFEGS,J domain autoinhibitory motif
Q38870,Arabidopsis thaliana (Mouse-ear cress).,REGION,[449:480],APDKPLDSAVLSRMKQFSAMNKFKKMALRVI,Autoinhibitory domain
P49101,Zea mays (Maize).,REGION,[328:359],ASDKPIDSAVLSRMKQFRAMNKLKKMALKVI,Autoinhibitory domain
Q5VQQ5,Oryza sativa subsp. japonica (Rice).,REGION,[324:355],APDTPLDNAVMNRLKQFRAMNQFKKAALRVI,Autoinhibitory domain
Q8ICR0,Plasmodium falciparum (isolate 3D7).,MOTIF,[344:353],NLKNFKKEN,J domain autoinhibitory motif
O15865,Plasmodium falciparum (isolate K1 / Thailand).,MOTIF,[344:353],NLKNFKKEN,J domain autoinhibitory motif
Q42479,Arabidopsis thaliana (Mouse-ear cress).,REGION,[341:372],ASDKPLDNAVLSRMKQFRAMNKLKKMALKVI,Autoinhibitory domain
Q8LPZ7,Oryza sativa subsp. japonica (Rice).,REGION,[340:371],APNVPLGDIVKSRLKQFSRMNRFKRRALRVI,Autoinhibitory domain
A0A509AFG4,Plasmodium berghei (strain Anka).,MOTIF,[384:393],NFKNYALLL,J domain autoinhibitory motif
Q9NJU9,Plasmodium falciparum (isolate 3D7).,MOTIF,[392:401],NFKNYGLLL,J domain autoinhibitory motif
Q7RAV5,Plasmodium yoelii yoelii.,MOTIF,[386:395],NFKNYALLL,J domain autoinhibitory motif
Q38869,Arabidopsis thaliana (Mouse-ear cress).,REGION,[288:319],APDKPLDPAVLSRLKQFSQMNKIKKMALRVI,Autoinhibitory domain
Q6Z2M9,Oryza sativa subsp. japonica (Rice).,REGION,[324:355],ASEIPVDISVLSNMRQFVKYSRFKQFALRAL,Autoinhibitory domain
P62345,Plasmodium berghei (strain Anka).,MOTIF,[349:358],NIKQFQSTQ,J domain autoinhibitory motif
Q8IBS5,Plasmodium falciparum (isolate 3D7).,MOTIF,[349:358],NIRQFQSTQ,J domain autoinhibitory motif
Q7RJG2,Plasmodium yoelii yoelii.,MOTIF,[349:358],NIKQFQSTQ,J domain autoinhibitory motif
A5A7I7,Solanum tuberosum (Potato).,REGION,[357:388],APDRALDPAVLSRLKQFSAMNKLKKMALRVI,Autoinhibitory domain
Q38871,Arabidopsis thaliana (Mouse-ear cress).,REGION,[360:391],APDRALDPAVLSRLKQFSAMNKLKKMALKVI,Autoinhibitory domain
Q0DYK7,Oryza sativa subsp. japonica (Rice).,REGION,[355:386],APDRPLDPAVLSRIKQFSAMNKLKKMALRVI,Autoinhibitory domain
A0A509AQE6,Plasmodium berghei (strain Anka).,MOTIF,[393:402],KFKKFHKLC,J domain autoinhibitory motif
A0A5K1K8H0,Plasmodium falciparum (isolate 3D7).,MOTIF,[399:408],KFKEFHKLC,J domain autoinhibitory motif
A5A7I8,Solanum tuberosum (Potato).,REGION,[335:366],APDRALDPAVLSRLKHFSAMNKLKKMALRVI,Autoinhibitory domain
Q38872,Arabidopsis thaliana (Mouse-ear cress).,REGION,[348:379],APDRALDPAVLSRLKQFSAMNKLKKMALKVI,Autoinhibitory domain
Q6K968,Oryza sativa subsp. japonica (Rice).,REGION,[337:368],APDRPLAPAVLSRLKQFSAMNRLKKMALRVI,Autoinhibitory domain
Q38873,Arabidopsis thaliana (Mouse-ear cress).,REGION,[322:353],APNVSLGETVKARLKQFSVMNKLKKRALRVI,Autoinhibitory domain
P53684,Oryza sativa subsp. japonica (Rice).,REGION,[342:373],ATDQALDPSVISRLKQFSAMNKLKKLALRVI,Autoinhibitory domain
Q42438,Arabidopsis thaliana (Mouse-ear cress).,REGION,[320:351],APNVSLGETVKARLKQFSVMNKLKKRALRVI,Autoinhibitory domain
Q75GE8,Oryza sativa subsp. japonica (Rice).,REGION,[327:358],MPDIPLGDAVRARLQQFAAMNKLKKKALKVI,Autoinhibitory domain
Q38868,Arabidopsis thaliana (Mouse-ear cress).,REGION,[354:385],ASDKPIDSAVLSRMKQFRAMNKLKKLALKVI,Autoinhibitory domain
Q6AVI8,Oryza sativa subsp. japonica (Rice).,REGION,[364:395],APNVPLGDVVRARLKQFSLMNRLKKKAMRVI,Autoinhibitory domain
Q9M9V8,Arabidopsis thaliana (Mouse-ear cress).,REGION,[326:357],APNVPLGDIVRSRLKQFSMMNRFKKKVLRVI,Autoinhibitory domain
Q6F3A6,Oryza sativa subsp. japonica (Rice).,REGION,[396:427],APDKPLDSAVLSRMKQFSAMNKLKKMALRVI,Autoinhibitory domain
Q39016,Arabidopsis thaliana (Mouse-ear cress).,REGION,[289:320],APDKPLDPAVLSRLKQFSQMNKIKKMALRVI,Autoinhibitory domain
Q852N6,Oryza sativa subsp. japonica (Rice).,REGION,[376:407],APDKPLDSAVLSRLKQFSAMNKLKKMALRVI,Autoinhibitory domain
Q42396,Arabidopsis thaliana (Mouse-ear cress).,REGION,[285:316],APDKPLDCAVVSRLKKFSAMNKLKKMALRVI,Autoinhibitory domain
Q7XSQ5,Oryza sativa subsp. japonica (Rice).,REGION,[353:384],ASDRPIDSAVLSRMKQFKAMNKLKQLALKVI,Autoinhibitory domain
Q8W4I7,Arabidopsis thaliana (Mouse-ear cress).,REGION,[317:348],APNVPLGDVVKSRLKQFSVMNRFKRKALRVI,Autoinhibitory domain
Q9FXQ3,Oryza sativa subsp. japonica (Rice).,REGION,[351:382],APDRPLDPAVLSRIKQFSAMNKLKKMALRVI,Autoinhibitory domain
P93759,Arabidopsis thaliana (Mouse-ear cress).,REGION,[317:348],ASNVSLGETVRARLKQFSVMNKLKKRALRVI,Autoinhibitory domain
B9FKW9,Oryza sativa subsp. japonica (Rice).,REGION,[331:362],APDTPLDNAVLGRLKQFRAMNQFKKAALRVI,Autoinhibitory domain
O49717,Arabidopsis thaliana (Mouse-ear cress).,REGION,[364:395],APDKPIDSAVLSRMKQFRAMNKLKKLALKVI,Autoinhibitory domain
Q6I587,Oryza sativa subsp. japonica (Rice).,REGION,[353:384],APDKPLDITVISRMKQFRAMNKLKKVALKVV,Autoinhibitory domain
Q7XJR9,Arabidopsis thaliana (Mouse-ear cress).,REGION,[373:404],ASEIPIDISVLNNMRQFVKFSRLKQFALRAL,Autoinhibitory domain
Q6I5I8,Oryza sativa subsp. japonica (Rice).,REGION,[336:367],APNVPLGDIVKSRLKQFSRMNRFKRRALRVI,Autoinhibitory domain
Q9FMP5,Arabidopsis thaliana (Mouse-ear cress).,REGION,[336:367],APDVPLDNAVMSRLKQFKAMNNFKKVALRVI,Autoinhibitory domain
Q7XIM0,Oryza sativa subsp. japonica (Rice).,REGION,[369:400],APDKPLDSAVLTRLKQFSAMNKLKKMALRVI,Autoinhibitory domain
Q1PE17,Arabidopsis thaliana (Mouse-ear cress).,REGION,[336:367],ASEVPIDISVLNNMRQFVKFSRLKQIALRAL,Autoinhibitory domain
Q0D715,Oryza sativa subsp. japonica (Rice).,REGION,[317:348],ASDIPLDISVLHNMRQFVKYSRFKQFALRAL,Autoinhibitory domain
Q1PFH8,Arabidopsis thaliana (Mouse-ear cress).,REGION,[362:393],ASDKPIDSAVLSRMKQLRAMNKLKKLAFKFI,Autoinhibitory domain
P53683,Oryza sativa subsp. japonica (Rice).,REGION,[347:378],ASDKPIDSAVLSRMKQFRAMNKLKKMALKVI,Autoinhibitory domain
Q9ZV15,Arabidopsis thaliana (Mouse-ear cress).,REGION,[397:428],ALDKPLDSAVLSRLQQFSAMNKLKKIAIKVI,Autoinhibitory domain
Q84SL0,Oryza sativa subsp. japonica (Rice).,REGION,[338:369],APNVNLGETVKARLQQFSVMNKFKKHALRVI,Autoinhibitory domain
Q9ZSA2,Arabidopsis thaliana (Mouse-ear cress).,REGION,[342:373],APDKPIDSAVLSRMKQFRAMNKLKKLALKVI,Autoinhibitory domain
Q6ZIU9,Oryza sativa subsp. japonica (Rice).,REGION,[363:394],APNVSLGDAVRARLQQFSAMNKFKKKALGVV,Autoinhibitory domain
Q9ZSA3,Arabidopsis thaliana (Mouse-ear cress).,REGION,[308:339],APDKPIDNVVLSRMKQFRAMNKLKKLALKVI,Autoinhibitory domain
Q69IM9,Oryza sativa subsp. japonica (Rice).,REGION,[373:404],APNVSLGEIVRSRLMQFSAMNKFKKKALGVV,Autoinhibitory domain
Q9M101,Arabidopsis thaliana (Mouse-ear cress).,REGION,[331:362],APEKPIDSTVLSRMKQFRAMNKLKKLALKVS,Autoinhibitory domain
P53682,Oryza sativa subsp. japonica (Rice).,REGION,[336:367],ATNRALDPSVLPRLKQFSAMNRLKKLSLQII,Autoinhibitory domain
Q9SIQ7,Arabidopsis thaliana (Mouse-ear cress).,REGION,[329:360],APNVNLGDNVRTKIQQFLLMNRFKKKVLRIV,Autoinhibitory domain
Q53P85,Oryza sativa subsp. japonica (Rice).,REGION,[310:341],APDKPIDSAVLSRLKHFSAMNKLKKMALRVI,Autoinhibitory domain
Q9SJ61,Arabidopsis thaliana (Mouse-ear cress).,REGION,[395:426],APDTPLDTTVLSRLKKFSATDKLKKMALRVI,Autoinhibitory domain
Q2RAV0,Oryza sativa subsp. japonica (Rice).,REGION,[346:377],APDVPLDNVVLNRLKQFRAMNQFKKAALRII,Autoinhibitory domain
Q9SZM3,Arabidopsis thaliana (Mouse-ear cress).,REGION,[287:318],APDRALDPAVLSRLKQFSAMNKLKQMALRVI,Autoinhibitory domain
Q2QY37,Oryza sativa subsp. japonica (Rice).,REGION,[346:377],APDVPLDNVVLNRLKQFRAMNQFKKAALRII,Autoinhibitory domain
Q9ZSA4,Arabidopsis thaliana (Mouse-ear cress).,REGION,[294:325],ASDKPIDGVVLSRLKRFRDANKFKKVVLKFI,Autoinhibitory domain
Q2QQR2,Oryza sativa subsp. japonica (Rice).,REGION,[413:444],APDKPLDSAVLSRLRQFSAMNKLKKMALRVI,Autoinhibitory domain
Q9FKW4,Arabidopsis thaliana (Mouse-ear cress).,REGION,[327:358],ATDIPVDISVLNNLRQFVRYSRLKQFALRAL,Autoinhibitory domain
Q2QX45,Oryza sativa subsp. japonica (Rice).,REGION,[312:343],APDKPIDSAVLSRLKHFSAMNKLKKMALRVI,Autoinhibitory domain
Q8RWL2,Arabidopsis thaliana (Mouse-ear cress).,REGION,[347:378],ISDKPINSAVLVRMKQFRAMNKLKKLALKVI,Autoinhibitory domain
Q2QVG8,Oryza sativa subsp. japonica (Rice).,REGION,[347:378],APNIPLGEAVRSRLKQFTVMNKFKKKALLVV,Autoinhibitory domain
Q9SSF8,Arabidopsis thaliana (Mouse-ear cress).,REGION,[322:353],APNVPLGDIVRSRLKQFSMMNRLKKKALRVI,Autoinhibitory domain
Q9S9V0,Arabidopsis thaliana (Mouse-ear cress).,REGION,[294:325],ASDKPIDGVVLSRLKQFRDMNKLKKVALKVI,Autoinhibitory domain
Q6NLQ6,Arabidopsis thaliana (Mouse-ear cress).,REGION,[326:357],APNVSLGETVRARLKQFTVMNKLKKRALRVI,Autoinhibitory domain
Q9C6P3,Arabidopsis thaliana (Mouse-ear cress).,REGION,[336:367],ASDKPIDSAVLSRMKQFRAMNKLKKLALKVI,Autoinhibitory domain
Q3E9C0,Arabidopsis thaliana (Mouse-ear cress).,REGION,[331:362],APDVPLDNAVMSRLKQFKAMNNFKKVALRVI,Autoinhibitory domain
P28582,Daucus carota (Wild carrot).,REGION,[344:375],ASDKPIDSAVLSRMKQFRAMNKLKQLALKVI,Autoinhibitory domain
P28583,Glycine max (Soybean) (Glycine hispida).,REGION,[297:328],APDKPLDSAVLSRLKQFSAMNKLKKMALRVI,Autoinhibitory domain
Q02224,Homo sapiens (Human).,REGION,[2509:2698],QDTSVISEHTDPQPSNKPLTCGGGSGIVQNTKALILKSEHIRLEKEISKLKQQNEQLIKQKNELLSNNQHLSNEVKTWKERTLKREAHKQVTCENSPKSPKVTGTASKKKQITPSQCKERNLQDPVPKESPKSCFFDSRSKSLPSPHPVRYFDNSSLGLCPEVQNAGAESVDSQPGPWHASSGKDVPEC,Globular autoinhibitory domain
Q6RT24,Mus musculus (Mouse).,REGION,[2285:2471],QDTSMISEQDSQLLSKPLTCGGGSGIVQSTKALILKSEYKRMGSEISKLKQQNEQLRKQNNQLLSDNSQLSNEVKTWEERTLKRDSYRETTCENSPKSPKVTRTDSKRRQNTTSQCRAQNLQDPVPKDSPKSWFFDNRSKSLPAPHPIRYFDNSSLGLCPEPDDVENVEPKTDLCQASLEKDVSQC,Globular autoinhibitory domain
Q8AYC9,Gallus gallus (Chicken).,REGION,[390:476],RSLRDVCEKMGYGWKQSCTNQVTISTTDRRNNKLIFKVNLLEMESRILVDFRLSKGDGLEFKRHFLKIKGKLSDVVSTQKVWLPPP,Autoinhibitory region
O14757,Homo sapiens (Human).,REGION,[390:476],QCLKETCEKLGYQWKKSCMNQVTISTTDRRNNKLIFKVNLLEMDDKILVDFRLSKGDGLEFKRHFLKIKGKLIDIVSSQKIWLPAT,Autoinhibitory region
O35280,Mus musculus (Mouse).,REGION,[390:476],QCLKETFEKLGYQWKKSCMNQVTVSTTDRRNNKLIFKINLVEMDEKILVDFRLSKGDGLEFKRHFLKIKGKLSDVVSSQKVWFPVT,Autoinhibitory region
Q91ZN7,Rattus norvegicus (Rat).,REGION,[390:476],QCLKETFEKLGYQWKKSCMNQVTVSTMDRRNNKLIFKINLVEMDEKILVDFRLSKGDGLEFKRHFLKIKGKLSDIVSSQKVWFPVT,Autoinhibitory region
Q6DE87,Xenopus laevis (African clawed frog).,REGION,[359:474],GTPGSSQNVWQRLVKRMTRFFTKVNAESSYSNLMDTCEKMGYVLKKSCANEVTLSTTDRRNNKLIFKVNLVEMEDRILLDFRLSKGDGLEFKRHFLKIKKKMDAVVAVQKVLPDT,Autoinhibitory region
Q58CS7,Bos taurus (Bovine).,REGION,[58:64],VCVVLA,Important for autoinhibitory function
Q58CS7,Bos taurus (Bovine).,REGION,[167:169],IL,Important for autoinhibitory function
Q58CS7,Bos taurus (Bovine).,SITE,[47:48],V,Important for autoinhibitory function
Q6NY88,Danio rerio (Zebrafish) (Brachydanio rerio).,REGION,[58:64],VCIILA,Important for autoinhibitory function
Q6NY88,Danio rerio (Zebrafish) (Brachydanio rerio).,REGION,[167:169],IL,Important for autoinhibitory function
Q9Y3E7,Homo sapiens (Human).,REGION,[58:64],VCIVLA,Important for autoinhibitory function
Q9Y3E7,Homo sapiens (Human).,REGION,[167:169],IL,Important for autoinhibitory function
Q9Y3E7,Homo sapiens (Human).,SITE,[47:48],V,Important for autoinhibitory function
Q4R574,Macaca fascicularis (Crab-eating macaque) (Cynomolgus monkey).,REGION,[58:64],VCVVLA,Important for autoinhibitory function
Q4R574,Macaca fascicularis (Crab-eating macaque) (Cynomolgus monkey).,REGION,[167:169],IL,Important for autoinhibitory function
Q4R574,Macaca fascicularis (Crab-eating macaque) (Cynomolgus monkey).,SITE,[47:48],V,Important for autoinhibitory function
Q9CQ10,Mus musculus (Mouse).,REGION,[58:64],VCVVLA,Important for autoinhibitory function
Q9CQ10,Mus musculus (Mouse).,REGION,[167:169],IL,Important for autoinhibitory function
Q9CQ10,Mus musculus (Mouse).,SITE,[47:48],V,Important for autoinhibitory function
Q5RAU5,Pongo abelii (Sumatran orangutan) (Pongo pygmaeus abelii).,REGION,[58:64],VCVVLA,Important for autoinhibitory function
Q5RAU5,Pongo abelii (Sumatran orangutan) (Pongo pygmaeus abelii).,REGION,[167:169],IL,Important for autoinhibitory function
Q5RAU5,Pongo abelii (Sumatran orangutan) (Pongo pygmaeus abelii).,SITE,[47:48],V,Important for autoinhibitory function
Q8CGS4,Rattus norvegicus (Rat).,REGION,[58:64],VCVVLA,Important for autoinhibitory function
Q8CGS4,Rattus norvegicus (Rat).,REGION,[167:169],IL,Important for autoinhibitory function
Q8CGS4,Rattus norvegicus (Rat).,SITE,[47:48],V,Important for autoinhibitory function
Q6NRM7,Xenopus laevis (African clawed frog).,REGION,[167:169],IL,Important for autoinhibitory function
Q5BKM3,Xenopus tropicalis (Western clawed frog) (Silurana tropicalis).,REGION,[167:169],IL,Important for autoinhibitory function
Q9H078,Homo sapiens (Human).,REGION,[91:126],PGPEETLPGQDSWNGVPSRAGLGMCALAAALVVHC,Autoinhibitory
Q60649,Mus musculus (Mouse).,REGION,[91:126],PSPEETLPGQDSWNGVPNKTGLGMWALAMALVVQC,Autoinhibitory
Q9WTT2,Rattus norvegicus (Rat).,REGION,[91:126],PSPEETLPGQDSWNGVPNKAGLGMWALAMALVVQC,Autoinhibitory
O60016,Schizosaccharomyces pombe (strain 972 / ATCC 24843) (Fission yeast).,REGION,[452:472],GAKDFSPVQSQKSQQNRISK,Autoregulatory loop
A8X6H4,Caenorhabditis briggsae.,REGION,[277:318],ISGNTAYTHDIHRTVAVHLKKSLAKRNWKKAFNAAAAIRQL,Autoinhibitory domain
Q9TXJ0,Caenorhabditis elegans.,REGION,[277:318],ISGNTAYTHDIHGTVAVHLKKSLAKRNWKKAYNAAAAIRQL,Autoinhibitory domain
Q76MZ1,Chlorocebus aethiops (Green monkey) (Cercopithecus aethiops).,REGION,[387:396],RKKKVSSTK,C-terminal autoinhibitory region
Q15438,Homo sapiens (Human).,REGION,[387:396],RKKKVSSTK,C-terminal autoinhibitory region
Q9QX11,Mus musculus (Mouse).,REGION,[387:396],RKKKVSSTK,C-terminal autoinhibitory region
P97694,Rattus norvegicus (Rat).,REGION,[387:396],RKKKVSSTK,C-terminal autoinhibitory region
Q2KI41,Bos taurus (Bovine).,REGION,[396:405],RKKRISVKK,C-terminal autoinhibitory region
Q76MY7,Chlorocebus aethiops (Green monkey) (Cercopithecus aethiops).,REGION,[385:394],RKKRISVKK,C-terminal autoinhibitory region
Q99418,Homo sapiens (Human).,REGION,[386:395],RKKRISVKK,C-terminal autoinhibitory region
P63034,Mus musculus (Mouse).,REGION,[386:395],RKKRISVKK,C-terminal autoinhibitory region
P63035,Rattus norvegicus (Rat).,REGION,[386:395],RKKRISVKK,C-terminal autoinhibitory region
O43739,Homo sapiens (Human).,REGION,[391:400],RKRRIANKK,C-terminal autoinhibitory region
O08967,Mus musculus (Mouse).,REGION,[390:399],RKRRIANKK,C-terminal autoinhibitory region
P97696,Rattus norvegicus (Rat).,REGION,[391:400],RKRRIANKK,C-terminal autoinhibitory region
Q9UIA0,Homo sapiens (Human).,REGION,[385:394],RKKKIASKQ,C-terminal autoinhibitory region
Q80YW0,Mus musculus (Mouse).,REGION,[385:393],RKKKIVGK,C-terminal autoinhibitory region
P53355,Homo sapiens (Human).,REGION,[291:301],NMEKFKKFAA,Autoinhibitory domain
Q80YE7,Mus musculus (Mouse).,REGION,[291:301],NMEKFKKFAA,Autoinhibitory domain
Q9UIK4,Homo sapiens (Human).,REGION,[291:301],QAMVRRESVV,Autoinhibitory domain
Q8VDF3,Mus musculus (Mouse).,REGION,[291:301],QAMVRRESVV,Autoinhibitory domain
Q24180,Drosophila melanogaster (Fruit fly).,CHAIN,[0:576],MEQVDSSTELHLNRKDLAALAEDVVKEEVILESSSHHHHHHHHQLDTKVRMVTSSSNDNSGSGGASGGTSGAGGGNGGGGVVSVPVSLPIGSMITGTTFNVITPDQLPPHFKPMLCVDNNGYLSGSTVSMGNDLKTIVIQQQQTQPGGGGGGANNAGTNTTATNTIGLNHDGSGSNNSHDSLATLEHAAGGASGVGGGGGGTGGGSSGWSENPSTQHNEVFQIRCKTTCAELYRSKLGSGGRGRCVKYKDKWHTPSEFEHVCGRGSSKDWKRSIKYGGKSLQSLIDEGTLTPHATNCSCTVCCDDEAGESASGPVRLFTPYKRRKRNQTDLDMESGPKRKRNTHHSNNNNSNTNNNNTSGSGANNCVDVTAAVAAATASVVDENNMFLSEENITSKDEPWAALNDSLDTSTELVDQSQMGNTYERETFVVNINDGSSIAVLDTSQSMKNIEHVYCTMVKATNDFKRMLNDMKQSFERRIEVLQKERDAAVSAMRVQVHADIDDPNISGSLHGNEIISAKKCANCNREALAECSLCRKTPYCSEFCQRKDWNAHQVECTRNPQTTTQQVMLLIDDQS,Deformed epidermal autoregulatory factor 1
O75398,Homo sapiens (Human).,CHAIN,[0:565],MEDSDSAAKQLGLAEAAAVAAAAAVAAAAAAAAGGEAEEPVLSRDEDSEEDADSEAERETPRVTAVAVMAAEPGHMDMGAEALPGPDEAAAAAAFAEVTTVTVANVGAAADNVFTTSVANAASISGHVLSGRTALQIGDSLNTEKATLIVVHTDGSIVETTGLKGPAAPLTPGPQSPPTPLAPGQEKGGTKYNWDPSVYDSELPVRCRNISGTLYKNRLGSGGRGRCIKQGENWYSPTEFEAMAGRASSKDWKRSIRYAGRPLQCLIQDGILNPHAASCTCAACCDDMTLSGPVRLFVPYKRRKKENELPTTPVKKDSPKNITLLPATAATTFTVTPSGQITTSGALTFDRASTVEATAVISESPAQGDVFAGATVQEASVQPPCRASHPEPHYPGYQDSCQIAPFPEAALPTSHPKIVLTSLPALAVPPPTPTKAAPPALVNGLELSEPRSWLYLEEMVNSLLNTAQQLKTLFEQAKHASTYREAATNQAKIHADAERKEQSCVNCGREAMSECTGCHKVNYCSTFCQRKDWKDHQHICGQSAAVTVQADEVHVAESVMEKVTV,Deformed epidermal autoregulatory factor 1 homolog
Q9Z1T5,Mus musculus (Mouse).,CHAIN,[0:566],MEDSDSAAKQLGLAEAAAVAAAAAVAAAAAAAAESEAEEPVLSRDEDSEEDADSEAERETRRVTAVAVMAAESGHMDMGTEALPSPDEAAAAAAAFAEVTTVTVANVGSSADNVFTTSVANAASISGHVLSGRTALQIGDSLNTEKATLIVVHTDGSIVETTGLKGPAAPLTPGPQSPPTPLAPGQEKGGTKYNWDPSVYDSELPVRCRNISGTLYKSRLGSGGRGRCIKQGENWYSPTEFEAMAGRASSKDWKRSIRYAGRPLQCLIQDGILNPHAASCTCAACCDDMTLSGPVRLFVPYKRRKKENELPTTPVKKDSPKNITLLPATAATTFTVTPSGQITTSGALTFDRASTVEATAVISESPAQGDVFAGATVQEAGVQPPCRVGHPEPHYPGYQDSCQIAPFPEAALPTSHPKIVLTSLPALAVPPSTPTKAVSPTVVSGLEMSEHRSWLYLEEMVNSLLNTAQQLKTLFEQAKQASSCREAAVTQARMQVDTERKEQSCVNCGREAMSECTGCHKVNYCSTFCQRKDWKDHQHVCGQSASVTVQADDVHVEESVIEKVAV,Deformed epidermal autoregulatory factor 1 homolog
O77562,Pan troglodytes (Chimpanzee).,CHAIN,[0:565],MEDSDSAAKQLGLAEAAAVAAAAAVAAAAAAAAGGEAEEPVLSRDEDSEEDADSEAERETPRVTAVAVMAAEPGHMDMGAEALPGPDETAAAAAFAEVTTVTVANVGAAADNVFTTSVANAASISGHVLSGRTALQIGDSLNTEKATLIVVHTDGSIVETTGLKGPAAPLTPGPQSPPTPLAPGQEKGGTKYNWDPSVYDSELPVRCRNISGTLYKNRLGSGGRGRCIKQGENWYSPTEFEAMAGRASSKDWKRSIRYAGRPLQCLIQDGILNPHAASCTCAACCDNMTLSGPVRLFVPYKRRKKENELPTTPVKKDSPKNITLLPATAATTFTVTPSGQITTSGALTFDRASTVEATAVISESPAQGDVFAGATVQEASVQPPCRASHPEPHYPGYQDSCQIAPFPEAALPTSHPKIVLTSLPALAVPPPTPTKAAPPALVNGLELSEPRSWLYLEEMVNSLLTTAQQLKTLFEQAKHASTYREAAANQAKIHADAERKEQSCVNCGREAMNECTGCHKVNYCSTFCQRKDWKDHQHICGQSAAVTVQADEVHVAESVMEKVTV,Deformed epidermal autoregulatory factor 1 homolog
O88450,Rattus norvegicus (Rat).,CHAIN,[0:565],MEDSDSAAKQLGLAEAAAVAAAAAVAAAAAAAAESEAEEPVLSRDEDSEEDADSEAERETRRVTAVAVMAAESGHMDMGTEALPSPDEAAAAAAFAEVTTVTVANVGSSADNVFTTSVANAASISGHVLSGRTALQIGDSLNTEKATLIVVHTDGSIVETTGLKGPAAPLTPGPQSPPTPLAPGQEKGGTKYNWDPSVYDSELPVRCRNISGTLYKSRLGSGGRGRCIKQGENWYSPTEFEAMAGRASSKDWKRSIRYAGRPLQCLIQDGILNPHAASCTCAACCDDMTLSGPVRLFVPYKRRKKENELPTTPVKKDSPKNITLLPATAATTFTVTPSGQITTSGALTFDRASTVEATAVISESPAQGDVFAGATVQEAGVQPPCRVGHPEPHYPGYQDSCQIAPFPEAALPTSHPKIVLTSLPALAVPPSTPTKAVSPTVVSGLEMSEHRSWLYLEEMVNSLLNTAQQLKTLFEQAKQASSCREAAVTQARMQVDAERKEQSCVNCGREAMSECTGCHKVNYCSTFCQRKDWKDHQHVCGQSASVTVQADDVHVEESVIEKVAV,Deformed epidermal autoregulatory factor 1 homolog
Q24K09,Bos taurus (Bovine).,REGION,[689:751],NMAMKEADDDEEVDDNIPEMPSPKKMHQGKKKKQNKNRISWVGDAVKTDGKKSYYKKVCIDS,Autoinhibitory linker
P26358,Homo sapiens (Human).,REGION,[692:754],NMAMKEADDDEEVDDNIPEMPSPKKMHQGKKKKQNKNRISWVGEAVKTDGKKSYYKKVCIDA,Autoinhibitory linker
P13864,Mus musculus (Mouse).,REGION,[695:757],NLAVKEADDDEEADDDVSEMPSPKKLHQGKKKKQNKDRISWLGQPMKIEENRTYYQKVSIDE,Autoinhibitory linker
Q9Z330,Rattus norvegicus (Rat).,REGION,[696:758],NLAVKEADEDEEADDDIPELPSPKKLHQGKKKKQNKDRISWLGEPVKIEENRTYYWKVSIDE,Autoinhibitory linker
Q9UJY5,Homo sapiens (Human).,MOTIF,[357:362],DDELM,Autoinhibitory
Q8R0H9,Mus musculus (Mouse).,MOTIF,[356:361],DDELM,Autoinhibitory
Q8BMI3,Mus musculus (Mouse).,MOTIF,[386:391],DEELL,Autoinhibitory
Q0X0C4,Bos taurus (Bovine).,REGION,[170:211],MDDHDQEEPDLKTGLYPKRAAAKSDDTSDEDFMEEAGEEDG,Autoinhibitory acidic region; in absence of 7SK snRNA interacts with the basic region preventing interaction with P-TEFb and modulating subcellular localization
O94992,Homo sapiens (Human).,REGION,[209:250],MDDHDQEEPDLKTGLYSKRAAAKSDDTSDDDFMEEGGEEDG,Autoinhibitory acidic region; in absence of 7SK snRNA interacts with the basic region preventing interaction with P-TEFb and modulating subcellular localization
Q8R409,Mus musculus (Mouse).,REGION,[206:247],MDDHDQEEPDLKTGLYPKRAAAKSDDTSDEDFVEEAGEEDG,Autoinhibitory acidic region; in absence of 7SK snRNA interacts with the basic region preventing interaction with P-TEFb and modulating subcellular localization
Q5M9G1,Rattus norvegicus (Rat).,REGION,[206:247],MDDHDQEEPDLKTGLYPKRAAAKSDDTSDEDFVEEAGEEDG,Autoinhibitory acidic region; in absence of 7SK snRNA interacts with the basic region preventing interaction with P-TEFb and modulating subcellular localization
Q9H2X6,Homo sapiens (Human).,REGION,[983:1198],DSLVPVNTSHHSSSYKSKSSSNVTSTSGHSSGSSSGAITYRQQRPGPHFQQQQPLNLSQAQQHITTDRTGSHRRQQAYITPTMAQAPYSFPHNSPSHGTVHPHLAAAAAAAHLPTQPHLYTYTAPAALGSTGTVAHLVASQGSARHTVQHTAYPASIVHQVPVSMGPRVLPSPTIHPSQYPAQFAHQTYISASPASTVYTGYPLSPAKVNQYPYI,Autoinhibitory domain (AID)
Q9WUM7,Mesocricetus auratus (Golden hamster).,REGION,[955:1168],DSLGPAVSTGHHSSSFKCKSSSTVTSTSGHSSGSSSGAIAYRQQRPGPHFQQQQPLNLSQAQPHMATDRTGSHRRQQAYITPTMAQAPYTFPHNSPSHGTVHPHLAAAAHLPTQPHLYTYTAPTALGSTGTVAHLVASQGSARHTVQHTAYPASIVHQVPVSMGPRVLPSPTIHPSQYPAQFAHQTYISASPASTVYTGYPLSPAKVNQYPYI,Autoinhibitory domain (AID)
Q9QZR5,Mus musculus (Mouse).,REGION,[983:1196],DSLGPAISASHHSSSFKSKSSSTVTSTSGHSSGSSSGAIAYRQQRPGPHFQQQQPLNLSQAQQHMAADRTGSHRRQQAYITPTMAQAPYTFPHNSPSHGTVHPHLAAAAHLPTQPHLYTYTAPTALGSTGTVAHLVASQGSARHTVQHTAYPASIVHQVPVSMGPRVLPSPTIHPSQYPAQFAHQTYISASPASTVYTGYPLSPAKVNQYPYI,Autoinhibitory domain (AID)
Q7T2E3,Danio rerio (Zebrafish) (Brachydanio rerio).,REGION,[314:340],QGRIPLPRVMLPTSSGRPRGTQEVAP,Autoinhibitory
Q6P3K7,Danio rerio (Zebrafish) (Brachydanio rerio).,REGION,[316:341],HSRNPAARGIPAASGRPRPTQDGAP,Autoinhibitory
P35508,Bos taurus (Bovine).,REGION,[316:342],HSRNPATRGLPSTASGRLRGTQEVAP,Autoinhibitory
P48730,Homo sapiens (Human).,REGION,[316:342],HSRNPATRGLPSTASGRLRGTQEVAP,Autoinhibitory
Q9DC28,Mus musculus (Mouse).,REGION,[316:342],HSRNPATRGLPSTASGRLRGTQEVAP,Autoinhibitory
Q5RC72,Pongo abelii (Sumatran orangutan) (Pongo pygmaeus abelii).,REGION,[316:342],HSRNPATRGLPSTASGRLRGTQEVAP,Autoinhibitory
Q06486,Rattus norvegicus (Rat).,REGION,[316:342],HSRNPATRGLPSTASGRLRGTQEVAP,Autoinhibitory
Q5BP74,Xenopus laevis (African clawed frog).,REGION,[316:342],HTRNPAVRGLPSTASGRLRGTQEVTP,Autoinhibitory
Q6P647,Xenopus tropicalis (Western clawed frog) (Silurana tropicalis).,REGION,[316:342],HPRNPAARGLPSTASGRLRGTQEVTP,Autoinhibitory
Q00771,Emericella nidulans (strain FGSC A4 / ATCC 38163 / CBS 112.46 / NRRL 194 / M139) (Aspergillus nidulans).,REGION,[277:314],LKGESASDRDLLPEIRAYIARSRLKRGIEIIKLANRI,Autoinhibitory domain
Q14012,Homo sapiens (Human).,REGION,[275:316],IAGDTALDKNIHQSVSEQIKKNFAKSKWKQAFNATAVVRHM,Autoinhibitory domain
Q91YS8,Mus musculus (Mouse).,REGION,[275:316],IAGDTALDKNIHQSVSEQIKKNFAKSKWKQAFNATAVVRHM,Autoinhibitory domain
Q63450,Rattus norvegicus (Rat).,REGION,[275:316],IAGDTALDKNIHQSVSEQIKKNFAKSKWKQAFNATAVVRHM,Autoinhibitory domain
Q9Y899,Emericella nidulans (Aspergillus nidulans).,REGION,[278:322],INPPYDTTDDLGSGEDLLPNIKKNFNARRTLHKAIDTVRAINKL,Autoinhibitory domain
Q8IU85,Homo sapiens (Human).,REGION,[278:319],IAGDTALNKNIHESVSAQIRKNFAKSKWRQAFNATAVVRHM,Autoinhibitory domain
Q8BW96,Mus musculus (Mouse).,REGION,[278:319],IAGDTALSKNIHESVSAQIRKNFAKSKWRQAFNATAVVRHM,Autoinhibitory domain
Q96NX5,Homo sapiens (Human).,REGION,[276:317],IDGNTALHRDIYPSVSLQIQKNFAKSKWRQAFNAAAVVHHM,Autoinhibitory domain
Q91VB2,Mus musculus (Mouse).,REGION,[276:317],IDGNTALHRDIYPSVSLQIQKNFAKSKWRQAFNAAAVVHHM,Autoinhibitory domain
Q7TNJ7,Rattus norvegicus (Rat).,REGION,[276:317],IDGNTALHRDIYPSVSLQIQKNFAKSKWRQAFNAAAVVHHM,Autoinhibitory domain
Q3MHJ9,Bos taurus (Bovine).,REGION,[282:292],HRQETVECLK,Autoinhibitory domain
Q13554,Homo sapiens (Human).,REGION,[282:292],HRQETVECLK,Autoinhibitory domain
P28652,Mus musculus (Mouse).,REGION,[282:292],HRQETVECLK,Autoinhibitory domain
P08413,Rattus norvegicus (Rat).,REGION,[282:292],HRQETVECLK,Autoinhibitory domain
Q2HJF7,Bos taurus (Bovine).,REGION,[282:292],HRQETVDCLK,Autoinhibitory domain
Q13557,Homo sapiens (Human).,REGION,[282:292],HRQETVDCLK,Autoinhibitory domain
Q6PHZ2,Mus musculus (Mouse).,REGION,[282:292],HRQETVDCLK,Autoinhibitory domain
Q95266,Sus scrofa (Pig).,REGION,[282:292],HRQETVDCLK,Autoinhibitory domain
O77708,Oryctolagus cuniculus (Rabbit).,REGION,[282:292],HRQETVDCLK,Autoinhibitory domain
P15791,Rattus norvegicus (Rat).,REGION,[282:292],HRQETVDCLK,Autoinhibitory domain
Q13555,Homo sapiens (Human).,REGION,[282:292],HRQETVECLR,Autoinhibitory domain
Q923T9,Mus musculus (Mouse).,REGION,[282:292],HRQETVECLR,Autoinhibitory domain
P11730,Rattus norvegicus (Rat).,REGION,[282:292],HRQETVECLR,Autoinhibitory domain
Q16566,Homo sapiens (Human).,REGION,[304:321],ANFVHMDTAQKKLQEFN,Autoinhibitory domain
P08414,Mus musculus (Mouse).,REGION,[296:336],TGKAANFVHMDTAQKKLQEFNARRKLKAAVKAVVASSRLG,Autoinhibitory domain
P13234,Rattus norvegicus (Rat).,REGION,[296:336],TGKAANFVHMDTAQKKLQEFNARRKLKAAVKAVVASSRLG,Autoinhibitory domain
P00516,Bos taurus (Bovine).,REGION,[49:75],PSTHIGPRTTRAQGISAEPQTYRSFH,Autoinhibitory domain
Q13976,Homo sapiens (Human).,REGION,[49:75],PSTHIGPRTTRAQGISAEPQTYRSFH,Autoinhibitory domain
P0C605,Mus musculus (Mouse).,REGION,[49:75],PSTHIGPRTTRAQGISAEPQTYRSFH,Autoinhibitory domain
O77676,Oryctolagus cuniculus (Rabbit).,REGION,[49:75],PSTHIGPRTTRAQGISAEPQTYRSFH,Autoinhibitory domain
A0A509AKL0,Plasmodium berghei (strain Anka).,REGION,[0:33],MDDDEIIPKKNHPSNERNKKKAILSHEDFTGED,Autoinhibitory segment
Q8I719,Plasmodium falciparum (isolate 3D7).,REGION,[0:29],MEEDDNLKKGNERNKKKAIFSNDDFTGED,Autoinhibitory segment
W7JX98,Plasmodium falciparum (isolate NF54).,REGION,[0:29],MEEDDNLKKGNERNKKKAIFSNDDFTGED,Autoinhibitory segment
A5K0N4,Plasmodium vivax (strain Salvador I).,REGION,[0:22],MRCNERNKKKAIFSNDDFSGED,Autoinhibitory segment
Q8N5S9,Homo sapiens (Human).,REGION,[434:440],KNSVRL,Autoinhibitory domain
Q8VBY2,Mus musculus (Mouse).,REGION,[434:440],KNSVRL,Autoinhibitory domain
P97756,Rattus norvegicus (Rat).,REGION,[434:440],KNSVKL,Autoinhibitory domain
Q96RR4,Homo sapiens (Human).,REGION,[471:477],ENSVKH,Autoinhibitory domain
Q8C078,Mus musculus (Mouse).,REGION,[471:477],ENSVKH,Autoinhibitory domain
O88831,Rattus norvegicus (Rat).,REGION,[470:476],ENSVKH,Autoinhibitory domain
Q9Y898,Emericella nidulans (Aspergillus nidulans).,REGION,[403:409],FSAITK,Autoinhibitory domain
Q3Y416,Caenorhabditis elegans.,REGION,[436:442],ENCVRV,Autoinhibitory domain
Q6TJY3,Bos taurus (Bovine).,REGION,[423:527],EKFSFEPKIRSPRRFIGSPRTPVSPVKFSPGDFWGRGASASTANPQTPVEYPMETSGIEQMDVTMSGEASAPLPIRQPNSGPYKKQAFPMISKRPEHLRMNLEL,Autoinhibitory domain
P23443,Homo sapiens (Human).,REGION,[423:525],EKFSFEPKIRSPRRFIGSPRTPVSPVKFSPGDFWGRGASASTANPQTPVEYPMETSGIEQMDVTMSGEASAPLPIRQPNSGPYKKQAFPMISKRPEHLRMNL,Autoinhibitory domain
Q8BSK8,Mus musculus (Mouse).,REGION,[423:525],EKFSFEPKIRSPRRFIGSPRTPVSPVKFSPGDFWGRGASASTANPQTPVEYPMETSGIEQMDVTVSGEASAPLPIRQPNSGPYKKQAFPMISKRPEHLRMNL,Autoinhibitory domain
P67998,Oryctolagus cuniculus (Rabbit).,REGION,[423:525],EKFSFEPKIRSPRRFIGSPRTPVSPVKFSPGDFWGRGASASTANPQTPVEYPMETSGIEQMDVTTSGEASAPLPIRQPNSGPYKKQAFPMISKRPEHLRMNL,Autoinhibitory domain
P67999,Rattus norvegicus (Rat).,REGION,[423:525],EKFSFEPKIRSPRRFIGSPRTPVSPVKFSPGDFWGRGASASTANPQTPVEYPMETSGIEQMDVTTSGEASAPLPIRQPNSGPYKKQAFPMISKRPEHLRMNL,Autoinhibitory domain
P49136,Cricetulus longicaudatus (Long-tailed dwarf hamster) (Chinese hamster).,REGION,[256:293],STKVPQTPLHTSRVLKEDKERWEDVKEEMTSALATMR,Autoinhibitory helix
P49137,Homo sapiens (Human).,REGION,[327:364],STKVPQTPLHTSRVLKEDKERWEDVKEEMTSALATMR,Autoinhibitory helix
P49138,Mus musculus (Mouse).,REGION,[313:350],STKVPQTPLHTSRVLKEDKERWEDVKEEMTSALATMR,Autoinhibitory helix
P49139,Oryctolagus cuniculus (Rabbit).,REGION,[293:330],STKVPQTPLHTSRVLKEDKERWEDVKEEMTSALATMR,Autoinhibitory helix
Q3SYZ2,Bos taurus (Bovine).,REGION,[308:345],SMVVPQTPLHTARVLQEDRDHWDEVKEEMTSALATMR,Autoinhibitory helix
Q16644,Homo sapiens (Human).,REGION,[306:343],SMVVPQTPLHTARVLQEDKDHWDEVKEEMTSALATMR,Autoinhibitory helix
Q3UMW7,Mus musculus (Mouse).,REGION,[308:345],SMVVPQTPLYTARVLQEDKDHWDDVKEEMTSALATMR,Autoinhibitory helix
Q66H84,Rattus norvegicus (Rat).,REGION,[308:345],SMEVPQTPLHTARVLEEDKDHWDDVKEEMTSALATMR,Autoinhibitory helix
F1QGZ6,Danio rerio (Zebrafish) (Brachydanio rerio).,REGION,[327:673],QGRPVRLRAECPVIDIVCSPLQDMQLKKSLRFTEDDDGVHPVVLGSMVFPPDCYDDENPWTPLTPKNTHTTNTPRMKLYPETTEKWNEMAYSPVIEHSRPCRQKPERRERTKENKENLAVPGTDGDVFALPAPRTPTSSRKVKSNRTVMTTPNHNNNKSSEVNKGAGSATKEGSRRREVEQQQNGQQGELNILAFSPERRSRSLDLAGCQVDSGQKRKGGKVFGSLERGLDKVITMLTPSKKRGPRDGPRKIKAQYNVTLTNQTNADQVLNQILSILPEKNVDFVQKGYTLKCHTQSDFGKVTMQFELEVCLLQKPEVVGIRRQRLKGDAWVYKHLVEDILSSSSQ,Autoinhibitory region
Q14680,Homo sapiens (Human).,REGION,[325:651],RGKPVRLRLSSFSCGQASATPFTDIKSNNWSLEDVTASDKNYVAGLIDYDWCEDDLSTGAATPRTSQFTKYWTESNGVESKSLTPALCRTPANKLKNKENVYTPKSAVKNEEYFMFPEPKTPVNKNQHKREILTTPNRYTTPSKARNQCLKETPIKIPVNSTGTDKLMTGVISPERRCRSVELDLNQAHMEETPKRKGAKVFGSLERGLDKVITVLTRSKRKGSARDGPRRLKLHYNVTTTRLVNPDQLLNEIMSILPKKHVDFVQKGYTLKCQTQSDFGKVTMQFELEVCQLQKPDVVGIRRQRLKGDAWVYKRLVEDILSSCKV,Autoinhibitory region
Q61846,Mus musculus (Mouse).,REGION,[325:643],RGKPARLQLLSFSCGTASTTPKSKNLSLEDMSTSDDNCVAGLIDYELCEDKLLAPKTPQVTKHLAESNHAASKSPAPGVRRAVANKLMDKENVCTPKSSVKNEEQFVFSEPKIPVSKNQYKREIPASPTRFPTPAKARAQCLREAPVRTPGNSAGADTLTTGVISPERRCRSMDVDLNQAHMEDTPKKKGTNVFGSLERGLDKVLTALTRNKKKGSARDGPRKRKLHYNVTTTRLVNPDQLLSEIMAILPKKNVDFVQKGYTLKCQTQSDFGKVTMQFELEVCQLQRPDVVGIRRQRLKGDAWVYKRLVEDILSGCKM,Autoinhibitory region
Q91821,Xenopus laevis (African clawed frog).,REGION,[327:651],HGKAVRLKHPLAVGDQAVTSFKELRPKSKLDFEEPNGEIAYVFGSMDFSDEELFSEDFTYSSFEPHTPKEYVKGRLEFNSVDSAPATPVVQRNARHKNEDKENSNTAVARDENVFLHPAPWTPTPRRKQNEKKGILTTPNKNTQTKEKNQSKETPTKKPIGTGEEFANVISPERRCRSVELDLNQAHIDSAQKKKGAKVFGSLERGLDKMITMLTPSKRKGYTREGPRKLRAHYNVTTTNIVNPEQLLNQIVRVLPSKNVDYVQKGYTLKCKTQSDFGKVTMQFELEVCQLSKSEVVGIRRQRLKGDAWVYKRLVEDILSSCKV,Autoinhibitory region
Q28GW8,Xenopus tropicalis (Western clawed frog) (Silurana tropicalis).,REGION,[327:652],HGKPVRLKRPLAVGDQPVTSFKELRPKSTLDFEEPNCGEIAYVFGSMEFSDDELFSEDFAYSCFEPHTPKEYVKGRSEFHSVDSAPSTPVVQRYARHKSEDKENCDAALGKDENVFLHPAPWTPTPRRKQNEKKGILTTPNKNSHTKEKNQSKETPTKKPITTGEELANVISPERRCRSVELDLNQAHVDSAQKKKGAKVFGSLERGLDKMITMLTPSKRKGYAREGPRKLRAHYNVTTTNIMNPEQLLNQIVKVLPSKNVDYVQKGYTLKCKTQSDFGKVTMQFELEVCQLSKSEMVGIRRQRLKGDAWVYKRLVEDILSSCKV,Autoinhibitory region
P41948,Saccharomyces cerevisiae (strain ATCC 204508 / S288c) (Baker's yeast).,REGION,[449:485],YIPEPIRSKTSAQMPPPHENIDDKIVGNTDAEKNST,Autoinhibitory domain
P42527,Dictyostelium discoideum (Social amoeba).,REGION,[499:551],SISPISSVPKSPITTKRSSIILNSPPMTSQQSSPKIQDLLSSSGSSSVSGIN,Pseudosubstrate/autoinhibitory domain
P25323,Dictyostelium discoideum (Social amoeba).,REGION,[263:295],WLKSNNSNNTIDTVKMKEYIVERQKTQTKLVN,Autoinhibitory domain
Q9HC98,Homo sapiens (Human).,SITE,[107:108],Y,Autoinhibitory
Q9ES70,Mus musculus (Mouse).,SITE,[107:108],Y,Autoinhibitory
A2BD05,Sus scrofa (Pig).,SITE,[107:108],Y,Autoinhibitory
P59895,Rattus norvegicus (Rat).,SITE,[107:108],Y,Autoinhibitory
Q8TDX7,Homo sapiens (Human).,SITE,[96:97],Y,Autoinhibitory
Q9ES74,Mus musculus (Mouse).,SITE,[96:97],Y,Autoinhibitory
D3ZBE5,Rattus norvegicus (Rat).,SITE,[96:97],Y,Autoinhibitory
Q08E52,Bos taurus (Bovine).,REGION,[69:140],KERPEISLPSDFEHTIHVGFDAVTGEFTGMPEQWARLLQTSNITKSEQKKNPQAVLDVLEFYNSKKTSNSQ,Autoregulatory region
Q13153,Homo sapiens (Human).,REGION,[69:140],KERPEISLPSDFEHTIHVGFDAVTGEFTGMPEQWARLLQTSNITKSEQKKNPQAVLDVLEFYNSKKTSNSQ,Autoregulatory region
O88643,Mus musculus (Mouse).,REGION,[69:140],KERPEISLPSDFEHTIHVGFDAVTGEFTGMPEQWARLLQTSNITKSEQKKNPQAVLDVLEFYNSKKTSNSK,Autoregulatory region
P35465,Rattus norvegicus (Rat).,REGION,[69:140],KERPEISLPSDFEHTIHVGFDAVTGEFTGMPEQWARLLQTSNITKSEQKKNPQAVLDVLEFYNSKKTSNSQ,Autoregulatory region
Q13177,Homo sapiens (Human).,REGION,[68:137],KERPEISPPSDFEHTIHVGFDAVTGEFTGMPEQWARLLQTSNITKLEQKKNPQAVLDVLKFYDSNTVKQ,Autoregulatory region
Q8CIN4,Mus musculus (Mouse).,REGION,[68:137],KERPEISPPSDFEHTIHVGFDAVTGEFTGMPEQWARLLQTSNITKLEQKKNPQAVLDVLKFYDSNTVKQ,Autoregulatory region
Q29502,Oryctolagus cuniculus (Rabbit).,REGION,[68:137],KERPEISPPSDFEHTIHVGFDAVTGEFTGMPEQWARLLQTSNITKLEQKKNPQAVLDVLKFYDSNTVKQ,Autoregulatory region
Q64303,Rattus norvegicus (Rat).,REGION,[68:137],KERPEISPPSDFEHTIHVGFDAVTGEFTGMPEQWARLLQTSNITKLEQKKNPQAVLDVLKFYDSNTVKQ,Autoregulatory region
O75914,Homo sapiens (Human).,REGION,[64:150],KERPEISLPSDFEHTIHVGFDAVTGEFTPDLYGSQMCPGKLPEGIPEQWARLLQTSNITKLEQKKNPQAVLDVLKFYDSKETVNNQ,Autoregulatory region
Q61036,Mus musculus (Mouse).,REGION,[64:150],KERPEISLPSDFEHTIHVGFDAVTGEFTPDLYGSQMCPGKLPEGIPEQWARLLQTSNITKLEQKKNPQAVLDVLKFYDSKETVNNQ,Autoregulatory region
Q7YQL4,Pan troglodytes (Chimpanzee).,REGION,[64:150],KERPEISLPSDFEHTIHVGFDAVTGEFTPDLYGSQMCPGKLPEGIPEQWARLLQTSNITKLEQKKNPQAVLDVLKFYDSKETVNNQ,Autoregulatory region
Q7YQL3,Pongo pygmaeus (Bornean orangutan).,REGION,[64:150],KERPEISLPSDFEHTIHVGFDAVTGEFTPDLYGSQMCPGKLPEGIPEQWARLLQTSNITKLEQKKNPQAVLDVLKFYDSKETVNNQ,Autoregulatory region
Q62829,Rattus norvegicus (Rat).,REGION,[64:135],KERPEISLPSDFEHTIHVGFDAVTGEFTGIPEQWARLLQTSNITKLEQKKNPQAVLDVLKFYDSKETVNNQ,Autoregulatory region
Q8AXB4,Xenopus laevis (African clawed frog).,REGION,[64:150],KERPEISLPSDFEHTIHVGFDAVTGEFTPDLCGSQMGTGKLPEGIPEQWARLLQTSNITKLEQKKNPQAVLDVLKFYDSKETVNNQ,Autoregulatory region
Q9VI13,Drosophila melanogaster (Fruit fly).,REGION,[79:171],KPNISYPTNFEHTVHVGFDAVTGEFTGMPEAWARLLMNSNISKQEQKKNPQAVLDVLKWFDNTTKQRPSSKYMTNAITTHSGSSLSRVSSSS,Autoregulatory region
P48452,Bos taurus (Bovine).,REGION,[406:414],ARVFSVLR,Autoinhibitory segment
Q7YSW8,Dictyostelium discoideum (Social amoeba).,REGION,[458:466],MRMFSLLR,Autoinhibitory segment
Q7YSW8,Dictyostelium discoideum (Social amoeba).,REGION,[499:520],LGDFAQARKMDLINEKRPPIL,Autoinhibitory domain
Q08209,Homo sapiens (Human).,REGION,[406:414],ARVFSVLR,Autoinhibitory segment
Q08209,Homo sapiens (Human).,REGION,[464:487],HKITSFEEAKGLDRINERMPPRR,Autoinhibitory domain
P63328,Mus musculus (Mouse).,REGION,[406:414],ARVFSVLR,Autoinhibitory segment
P63328,Mus musculus (Mouse).,REGION,[464:487],HKITSFEEAKGLDRINERMPPRR,Autoinhibitory domain
P63329,Rattus norvegicus (Rat).,REGION,[406:414],ARVFSVLR,Autoinhibitory segment
P63329,Rattus norvegicus (Rat).,REGION,[464:487],HKITSFEEAKGLDRINERMPPRR,Autoinhibitory domain
P16298,Homo sapiens (Human).,REGION,[415:423],ARVFSVLR,Autoinhibitory segment
P16298,Homo sapiens (Human).,REGION,[473:496],HRICSFEEAKGLDRINERMPPRK,Autoinhibitory domain
P48453,Mus musculus (Mouse).,REGION,[416:424],ARVFSVLR,Autoinhibitory segment
P48453,Mus musculus (Mouse).,REGION,[474:497],HRICSFEEAKGLDRINERMPPRK,Autoinhibitory domain
P20651,Rattus norvegicus (Rat).,REGION,[416:424],ARVFSVLR,Autoinhibitory segment
P20651,Rattus norvegicus (Rat).,REGION,[474:497],HRICSFEEAKGLDRINERMPPRK,Autoinhibitory domain
P48454,Homo sapiens (Human).,REGION,[400:408],ARVFSILR,Autoinhibitory segment
P48454,Homo sapiens (Human).,REGION,[458:481],HKIRSFEEARGLDRINERMPPRK,Autoinhibitory domain
P48455,Mus musculus (Mouse).,REGION,[399:407],ARVFTVLR,Autoinhibitory segment
P48455,Mus musculus (Mouse).,REGION,[457:480],HRIRSFEEARGLDRINERMPPRK,Autoinhibitory domain
Q0G819,Caenorhabditis elegans.,REGION,[432:440],ARAFSVLR,Autoinhibitory segment
Q0G819,Caenorhabditis elegans.,REGION,[489:512],HLIQSFEEARRLDKINERMPPTM,Autoinhibitory domain
G4SLH0,Caenorhabditis elegans.,REGION,[16205:16264],KMQPKLDKSGVPARQKRNFLSLKRWSDDLLPIGRLAKRGAIFRRLTMDGVFERNIAFDT,Autoinhibitory domain
Q9H4A3,Homo sapiens (Human).,REGION,[487:555],ELAEEDDGEKIAIKLWLRIEDIKKLKGKYKDNEAIEFSFDLERDVPEDVAQEMVESGYVCEGDHKTMA,Autoinhibitory domain
P83741,Mus musculus (Mouse).,REGION,[487:555],ELAEEDDGEKIAIKLWLRIEDIKKLKGKYKDNEAIEFSFDLERDVPEDVAQEMVESGYVCEGDHKTMA,Autoinhibitory domain
Q6R2V0,Sus scrofa (Pig).,REGION,[485:553],ELAEEDDGEKIAIKLWLRIEDIKKLKGKYKDNEAIEFSFDLERDVPEDVAQEMVESGYVCEGDHKTMA,Autoinhibitory domain
Q9JIH7,Rattus norvegicus (Rat).,REGION,[487:555],ELAEEDDGEKIAIKLWLRIEDIKKLKGKYKDNEAIEFSFDLERDVPEDVAQEMVESGYVCEGDHKTMA,Autoinhibitory domain
